{"cameraMode":{"drawMode":0,"name":"Shaded","section":"Shading Mode"},"sceneLighting":true,"audioPlay":false,"sceneViewState":{"showFog":false,"showMaterialUpdate":false,"showSkybox":false,"showFlares":false,"showImageEffects":false,"showParticleSystems":false},"in2DMode":false,"pivot":{"x":1.5806864500045777,"y":-2.1012468338012697,"z":-9.55815315246582},"rotation":{"x":-0.16815727949142457,"y":-0.07827068120241165,"z":0.013388334773480893,"w":-0.9825566411018372},"size":8.439654350280762,"orthographic":false}